{"hmm": 
{"A": {"q1": {"q1": 0.8855080321744565, "q2": 0.1144919678255435}, 
"q2": {"q1": 0.9719190668704077, "q2": 0.028080933129592256}}, "pi": {"q1": 0.5, "q2": 0.5}, 
"B": {"q1": {"1": 0.45, "0": 0.55},"q2": {"1": 0.55, "0": 0.45}}}}